method,score_method,score,ideal n clusters,execution time,best params
kmeans,SILHOUETTE,0.8670311065845322,4,2.4171972274780273,
kmetoids,SILHOUETTE,0.8670311065845322,4,1.7068531513214111,
agglomerative,SILHOUETTE,0.8670311065845322,4,0.32101869583129883,"['single', 5]"
