method,score_method,score,ideal n clusters,execution time
KMEANS,SILHOUETTE,0.8670311065845322,4,2.4743447303771973
KMEANS,DAVIES,-0.16559018665371716,4,2.049591541290283
KMEANS,CALINSKI,49895.14173945592,35,2.136221170425415
KMEDOIDS,SILHOUETTE,0.8670311065845322,4,2.3603806495666504
KMEDOIDS,DAVIES,-0.16559018665371716,4,1.9476556777954102
KMEDOIDS,CALINSKI,50362.18730098626,35,1.9588961601257324
