file,method,score,best eps,best min samples,n_clusters,execution time,varying eps,varying min samples
smile1.arff,dbscan varying eps and min samples,0.5054942636304086,0.03115174941285087,1,4,1.7758417129516602,"[0.0034613054903167633, 0.006922610980633527, 0.010383916470950291, 0.013845221961267053, 0.017306527451583818, 0.020767832941900582, 0.024229138432217346, 0.027690443922534107, 0.03115174941285087, 0.034613054903167635, 0.0380743603934844, 0.041535665883801164, 0.04499697137411793, 0.04845827686443469, 0.05191958235475145, 0.055380887845068213, 0.058842193335384985, 0.06230349882570174, 0.06576480431601851]","[1, 2, 4, 8, 16]"
smile1.arff,hdbscan varying min samples,0.5054942636304086,0.03115174941285087,-,-,0.031162500381469727,-,"[1, 2, 4, 8, 16]"
