file,method,score,best eps,best min samples,n_clusters,execution time,varying eps,varying min samples
smile1.arff,dbscan varying eps and min samples,0.5054942636304086,0.03143614727866976,1,4,1.9851562976837158,"[0.0031436147278669758, 0.0062872294557339515, 0.009430844183600929, 0.012574458911467903, 0.01571807363933488, 0.018861688367201857, 0.02200530309506883, 0.025148917822935806, 0.028292532550802784, 0.03143614727866976, 0.034579762006536736, 0.037723376734403714, 0.040866991462270685, 0.04401060619013766, 0.047154220918004634, 0.05029783564587161, 0.05344145037373858, 0.05658506510160557, 0.05972867982947254]","[1, 2, 4, 8, 16]"
smile1.arff,hdbscan varying min samples,0.5054942636304086,0.0,1,4,0.23926496505737305,-,"[1, 2, 4, 8, 16]"
